Launch Latitude,Launch Longitude,Distance From Launch,Mean Latitude,Mean Longitude,Landing Latitude,Landing Longitude,Launch Angle,Launch Direction,Pressure,Temperature,Parachute Deployed,Parachute Deployment Delay,Motor Thrust Performance,Wind Altitude Step,Wind Speed Launch (Mean),Wind Speed One (Mean),Wind Speed Two (Mean),Wind Speed Three (Mean),Wind Speed Four (Mean),Wind Speed Five (Mean),Wind Speed Six (Mean),Wind Speed Seven (Mean),Wind Speed Eight (Mean),Wind Speed Nine (Mean),Wind Speed (Std Dev),Wind Direction Launch (Mean),Wind Direction One (Mean),Wind Direction Two (Mean),Wind Direction Three (Mean),Wind Direction Four (Mean),Wind Direction Five (Mean),Wind Direction Six (Mean),Wind Direction Seven (Mean),Wind Direction Eight (Mean),Wind Direction Nine (Mean),Wind Direction (Std Dev)
0.08726646259971647,0.08726646259971647,49.807,0,0,0.08727422845068557,0.08726736608960627,0.063,0.125,99421.29,22.2,true,0.579,79.956,0.5,1,2,3,4,5,6,7,8,9,10,0.5,0,10,20,30,40,50,60,70,80,90,5
0.08726646259971647,0.08726646259971647,42.715,0,0,0.0872597582821379,0.08726639994213839,0.063,0.125,99421.29,22.2,false,0.579,79.956,0.5,1,2,3,4,5,6,7,8,9,10,0.5,0,10,20,30,40,50,60,70,80,90,5
0.08726646259971647,0.08726646259971647,173.198,0,0,0.08729362513608602,0.08726758238245318,0.178,0.031,99544.776,21.216,true,1.003,83.806,0.5,1,2,3,4,5,6,7,8,9,10,0.5,0,10,20,30,40,50,60,70,80,90,5
0.08726646259971647,0.08726646259971647,72.716,0,0,0.0872778748455902,0.0872666385287403,0.178,0.031,99544.776,21.216,false,1.003,83.806,0.5,1,2,3,4,5,6,7,8,9,10,0.5,0,10,20,30,40,50,60,70,80,90,5
0.08726646259971647,0.08726646259971647,173.525,0,0,0.08729326227000275,0.08727134039820228,0.188,0.202,99171.888,20.237,true,-0.105,78.219,0.5,1,2,3,4,5,6,7,8,9,10,0.5,0,10,20,30,40,50,60,70,80,90,5
0.08726646259971647,0.08726646259971647,104.014,0,0,0.08728236179007572,0.08727018597488079,0.188,0.202,99171.888,20.237,false,-0.105,78.219,0.5,1,2,3,4,5,6,7,8,9,10,0.5,0,10,20,30,40,50,60,70,80,90,5
0.08726646259971647,0.08726646259971647,147.159,0,0,0.08724567349273828,0.08727656807833356,0.017,0.04,98569.191,18.888,true,-0.035,77.234,0.5,1,2,3,4,5,6,7,8,9,10,0.5,0,10,20,30,40,50,60,70,80,90,5
0.08726646259971647,0.08726646259971647,36.714,0,0,0.08726071648454603,0.08726602532754293,0.017,0.04,98569.191,18.888,false,-0.035,77.234,0.5,1,2,3,4,5,6,7,8,9,10,0.5,0,10,20,30,40,50,60,70,80,90,5
0.08726646259971647,0.08726646259971647,140.248,0,0,0.08728842174206673,0.08726801392019741,0.156,0.074,102531.179,19.64,true,-0.808,77.313,0.5,1,2,3,4,5,6,7,8,9,10,0.5,0,10,20,30,40,50,60,70,80,90,5
0.08726646259971647,0.08726646259971647,37.555,0,0,0.08727233229177578,0.08726591843636557,0.156,0.074,102531.179,19.64,false,-0.808,77.313,0.5,1,2,3,4,5,6,7,8,9,10,0.5,0,10,20,30,40,50,60,70,80,90,5
0.08726646259971647,0.08726646259971647,99.71,0,0,0.08728211306949482,0.08726638593665384,0.068,0.069,101147.873,19.344,true,0.49,79.19,0.5,1,2,3,4,5,6,7,8,9,10,0.5,0,10,20,30,40,50,60,70,80,90,5
0.08726646259971647,0.08726646259971647,10.115,0,0,0.08726804110388918,0.08726629137863165,0.068,0.069,101147.873,19.344,false,0.49,79.19,0.5,1,2,3,4,5,6,7,8,9,10,0.5,0,10,20,30,40,50,60,70,80,90,5
0.08726646259971647,0.08726646259971647,71.753,0,0,0.08727772487868177,0.08726650741802308,0.03,0.238,100273.275,17.578,true,-0.199,88.798,0.5,1,2,3,4,5,6,7,8,9,10,0.5,0,10,20,30,40,50,60,70,80,90,5
0.08726646259971647,0.08726646259971647,54.324,0,0,0.08725795295232412,0.08726700555264208,0.03,0.238,100273.275,17.578,false,-0.199,88.798,0.5,1,2,3,4,5,6,7,8,9,10,0.5,0,10,20,30,40,50,60,70,80,90,5
0.08726646259971647,0.08726646259971647,64.601,0,0,0.08727650073906551,0.08726790037037124,0.065,0.195,99693.348,17.671,true,0.141,83.023,0.5,1,2,3,4,5,6,7,8,9,10,0.5,0,10,20,30,40,50,60,70,80,90,5
0.08726646259971647,0.08726646259971647,4.667,0,0,0.08726688854264812,0.0872670607919272,0.065,0.195,99693.348,17.671,false,0.141,83.023,0.5,1,2,3,4,5,6,7,8,9,10,0.5,0,10,20,30,40,50,60,70,80,90,5
0.08726646259971647,0.08726646259971647,114.138,0,0,0.0872843387492179,0.08726764905360224,0.105,0.074,101095.585,20.196,true,0.696,76.89,0.5,1,2,3,4,5,6,7,8,9,10,0.5,0,10,20,30,40,50,60,70,80,90,5
0.08726646259971647,0.08726646259971647,43.978,0,0,0.08727332696250678,0.08726719392730928,0.105,0.074,101095.585,20.196,false,0.696,76.89,0.5,1,2,3,4,5,6,7,8,9,10,0.5,0,10,20,30,40,50,60,70,80,90,5
0.08726646259971647,0.08726646259971647,104.805,0,0,0.08728289718692234,0.0872671863326968,0.066,0.048,99549.986,21.599,true,-0.308,79.385,0.5,1,2,3,4,5,6,7,8,9,10,0.5,0,10,20,30,40,50,60,70,80,90,5
0.08726646259971647,0.08726646259971647,29.348,0,0,0.08727106820267533,0.08726655096326502,0.066,0.048,99549.986,21.599,false,-0.308,79.385,0.5,1,2,3,4,5,6,7,8,9,10,0.5,0,10,20,30,40,50,60,70,80,90,5
0.08726646259971647,0.08726646259971647,128.159,0,0,0.08728598917802767,0.08727131520839847,0.136,0.268,98909.021,21.792,true,0.148,71.692,0.5,1,2,3,4,5,6,7,8,9,10,0.5,0,10,20,30,40,50,60,70,80,90,5
0.08726646259971647,0.08726646259971647,59.875,0,0,0.08727513909371284,0.08727008784095168,0.136,0.268,98909.021,21.792,false,0.148,71.692,0.5,1,2,3,4,5,6,7,8,9,10,0.5,0,10,20,30,40,50,60,70,80,90,5
0.08726646259971647,0.08726646259971647,185.41,0,0,0.08729540147193483,0.0872695531073012,0.216,0.107,97163.743,17.416,true,0.602,80.292,0.5,1,2,3,4,5,6,7,8,9,10,0.5,0,10,20,30,40,50,60,70,80,90,5
0.08726646259971647,0.08726646259971647,124.899,0,0,0.08728583007728598,0.08726951231030197,0.216,0.107,97163.743,17.416,false,0.602,80.292,0.5,1,2,3,4,5,6,7,8,9,10,0.5,0,10,20,30,40,50,60,70,80,90,5
0.08726646259971647,0.08726646259971647,167.39,0,0,0.08724568343541762,0.0872826031339823,-0.003,0.149,97333.406,17.654,true,-1.133,78.719,0.5,1,2,3,4,5,6,7,8,9,10,0.5,0,10,20,30,40,50,60,70,80,90,5
0.08726646259971647,0.08726646259971647,42.357,0,0,0.08725981552458695,0.0872665978724295,-0.003,0.149,97333.406,17.654,false,-1.133,78.719,0.5,1,2,3,4,5,6,7,8,9,10,0.5,0,10,20,30,40,50,60,70,80,90,5
0.08726646259971647,0.08726646259971647,151.597,0,0,0.08728959805588114,0.08727204663060181,-0.005,0.184,99204.305,20.125,true,-0.681,83.665,0.5,1,2,3,4,5,6,7,8,9,10,0.5,0,10,20,30,40,50,60,70,80,90,5
0.08726646259971647,0.08726646259971647,69.502,0,0,0.087255692425689,0.0872647208228569,-0.005,0.184,99204.305,20.125,false,-0.681,83.665,0.5,1,2,3,4,5,6,7,8,9,10,0.5,0,10,20,30,40,50,60,70,80,90,5
0.08726646259971647,0.08726646259971647,119.562,0,0,0.08727525070063918,0.08728310775082812,-0.082,0.101,99118.77,19.874,true,-0.109,84.301,0.5,1,2,3,4,5,6,7,8,9,10,0.5,0,10,20,30,40,50,60,70,80,90,5
0.08726646259971647,0.08726646259971647,84.044,0,0,0.08725332787559778,0.08726523322143692,-0.082,0.101,99118.77,19.874,false,-0.109,84.301,0.5,1,2,3,4,5,6,7,8,9,10,0.5,0,10,20,30,40,50,60,70,80,90,5
0.08726646259971647,0.08726646259971647,154.072,0,0,0.08729064038462807,0.08726698290037539,0.153,0.041,101572.924,23.767,true,0.116,88.305,0.5,1,2,3,4,5,6,7,8,9,10,0.5,0,10,20,30,40,50,60,70,80,90,5
0.08726646259971647,0.08726646259971647,17.953,0,0,0.08726927586765817,0.08726630017804592,0.153,0.041,101572.924,23.767,false,0.116,88.305,0.5,1,2,3,4,5,6,7,8,9,10,0.5,0,10,20,30,40,50,60,70,80,90,5
0.08726646259971647,0.08726646259971647,152.837,0,0,0.08724275895208769,0.08726275666207507,0.032,0.115,100728.197,20.297,true,0.268,77.73,0.5,1,2,3,4,5,6,7,8,9,10,0.5,0,10,20,30,40,50,60,70,80,90,5
0.08726646259971647,0.08726646259971647,40.141,0,0,0.08726016344710175,0.08726633067974983,0.032,0.115,100728.197,20.297,false,0.268,77.73,0.5,1,2,3,4,5,6,7,8,9,10,0.5,0,10,20,30,40,50,60,70,80,90,5
0.08726646259971647,0.08726646259971647,185.516,0,0,0.08723907763048847,0.08725652703957859,-0.053,0.236,98555.126,22.992,true,1.337,75.637,0.5,1,2,3,4,5,6,7,8,9,10,0.5,0,10,20,30,40,50,60,70,80,90,5
0.08726646259971647,0.08726646259971647,78.203,0,0,0.08725418822409245,0.08726634819676847,-0.053,0.236,98555.126,22.992,false,1.337,75.637,0.5,1,2,3,4,5,6,7,8,9,10,0.5,0,10,20,30,40,50,60,70,80,90,5
0.08726646259971647,0.08726646259971647,101.649,0,0,0.08728211435025922,0.08726956993094322,0.102,0.209,99482.34,20.543,true,1.054,79.727,0.5,1,2,3,4,5,6,7,8,9,10,0.5,0,10,20,30,40,50,60,70,80,90,5
0.08726646259971647,0.08726646259971647,82.516,0,0,0.08727915346518328,0.08726905939297147,0.102,0.209,99482.34,20.543,false,1.054,79.727,0.5,1,2,3,4,5,6,7,8,9,10,0.5,0,10,20,30,40,50,60,70,80,90,5
0.08726646259971647,0.08726646259971647,196.958,0,0,0.08729737158247823,0.0872658628884821,0.186,0.024,98654.992,22.756,true,0.715,88.798,0.5,1,2,3,4,5,6,7,8,9,10,0.5,0,10,20,30,40,50,60,70,80,90,5
0.08726646259971647,0.08726646259971647,172.931,0,0,0.08729360186525792,0.08726694022730308,0.186,0.024,98654.992,22.756,false,0.715,88.798,0.5,1,2,3,4,5,6,7,8,9,10,0.5,0,10,20,30,40,50,60,70,80,90,5
0.08726646259971647,0.08726646259971647,160.562,0,0,0.08724439065490525,0.08727867340967978,0.021,0.097,98359.816,21.913,true,0.003,80.564,0.5,1,2,3,4,5,6,7,8,9,10,0.5,0,10,20,30,40,50,60,70,80,90,5
0.08726646259971647,0.08726646259971647,24.384,0,0,0.08727028987147692,0.08726648995142165,0.021,0.097,98359.816,21.913,false,0.003,80.564,0.5,1,2,3,4,5,6,7,8,9,10,0.5,0,10,20,30,40,50,60,70,80,90,5
0.08726646259971647,0.08726646259971647,45.885,0,0,0.08727366466877239,0.08726650407815725,0.033,0.087,99226.84,18.326,true,-0.03,87.827,0.5,1,2,3,4,5,6,7,8,9,10,0.5,0,10,20,30,40,50,60,70,80,90,5
0.08726646259971647,0.08726646259971647,24.441,0,0,0.08727029612915006,0.0872666099588271,0.033,0.087,99226.84,18.326,false,-0.03,87.827,0.5,1,2,3,4,5,6,7,8,9,10,0.5,0,10,20,30,40,50,60,70,80,90,5
0.08726646259971647,0.08726646259971647,168.887,0,0,0.08729270103592873,0.08727025222154645,0.159,0.157,100213.077,22.898,true,-0.247,92.003,0.5,1,2,3,4,5,6,7,8,9,10,0.5,0,10,20,30,40,50,60,70,80,90,5
0.08726646259971647,0.08726646259971647,138.401,0,0,0.08728794367386868,0.08726971168179544,0.159,0.157,100213.077,22.898,false,-0.247,92.003,0.5,1,2,3,4,5,6,7,8,9,10,0.5,0,10,20,30,40,50,60,70,80,90,5
0.08726646259971647,0.08726646259971647,52.203,0,0,0.0872746281266853,0.08726577935284664,0.024,0.046,100526.194,21.815,true,0.768,77.522,0.5,1,2,3,4,5,6,7,8,9,10,0.5,0,10,20,30,40,50,60,70,80,90,5
0.08726646259971647,0.08726646259971647,56.881,0,0,0.08727537162343943,0.08726587690545623,0.024,0.046,100526.194,21.815,false,0.768,77.522,0.5,1,2,3,4,5,6,7,8,9,10,0.5,0,10,20,30,40,50,60,70,80,90,5
0.08726646259971647,0.08726646259971647,48.438,0,0,0.0872740419028736,0.08726706312426326,0.044,0.09,97886.657,19.603,true,-0.176,82.422,0.5,1,2,3,4,5,6,7,8,9,10,0.5,0,10,20,30,40,50,60,70,80,90,5
0.08726646259971647,0.08726646259971647,67.03,0,0,0.087276936712407,0.08726745897041184,0.044,0.09,97886.657,19.603,false,-0.176,82.422,0.5,1,2,3,4,5,6,7,8,9,10,0.5,0,10,20,30,40,50,60,70,80,90,5
0.08726646259971647,0.08726646259971647,49.387,0,0,0.08727415392662144,0.08726743256233498,0.043,0.17,101080.254,18.787,true,-0.184,72.436,0.5,1,2,3,4,5,6,7,8,9,10,0.5,0,10,20,30,40,50,60,70,80,90,5
0.08726646259971647,0.08726646259971647,74.142,0,0,0.08727806282646938,0.08726739632835118,0.043,0.17,101080.254,18.787,false,-0.184,72.436,0.5,1,2,3,4,5,6,7,8,9,10,0.5,0,10,20,30,40,50,60,70,80,90,5
0.08726646259971647,0.08726646259971647,83.768,0,0,0.08727948300019765,0.08726829908605578,0.095,0.149,101378.295,19.891,true,0.103,76.315,0.5,1,2,3,4,5,6,7,8,9,10,0.5,0,10,20,30,40,50,60,70,80,90,5
0.08726646259971647,0.08726646259971647,98.631,0,0,0.08728182626441178,0.08726837409089054,0.095,0.149,101378.295,19.891,false,0.103,76.315,0.5,1,2,3,4,5,6,7,8,9,10,0.5,0,10,20,30,40,50,60,70,80,90,5
0.08726646259971647,0.08726646259971647,32.345,0,0,0.08727149526110616,0.0872671344129792,0.006,0.107,97373.13,20.494,true,0.391,74.815,0.5,1,2,3,4,5,6,7,8,9,10,0.5,0,10,20,30,40,50,60,70,80,90,5
0.08726646259971647,0.08726646259971647,37.454,0,0,0.08727233682295969,0.08726622910575986,0.006,0.107,97373.13,20.494,false,0.391,74.815,0.5,1,2,3,4,5,6,7,8,9,10,0.5,0,10,20,30,40,50,60,70,80,90,5
0.08726646259971647,0.08726646259971647,143.551,0,0,0.08728855676049375,0.08727089928615821,0.119,0.292,99895.802,23.46,true,-0.854,77.375,0.5,1,2,3,4,5,6,7,8,9,10,0.5,0,10,20,30,40,50,60,70,80,90,5
0.08726646259971647,0.08726646259971647,119.754,0,0,0.08728472390273863,0.08727093419445267,0.119,0.292,99895.802,23.46,false,-0.854,77.375,0.5,1,2,3,4,5,6,7,8,9,10,0.5,0,10,20,30,40,50,60,70,80,90,5
0.08726646259971647,0.08726646259971647,76.893,0,0,0.08727853183257826,0.08726645254155219,0.053,0.01,98454.227,23.441,true,-0.865,77.91,0.5,1,2,3,4,5,6,7,8,9,10,0.5,0,10,20,30,40,50,60,70,80,90,5
0.08726646259971647,0.08726646259971647,17.747,0,0,0.0872692334252944,0.08726675009525386,0.053,0.01,98454.227,23.441,false,-0.865,77.91,0.5,1,2,3,4,5,6,7,8,9,10,0.5,0,10,20,30,40,50,60,70,80,90,5
0.08726646259971647,0.08726646259971647,103.227,0,0,0.0872823234942955,0.087269785793085,0.118,0.205,100051.664,21.499,true,1.094,85.412,0.5,1,2,3,4,5,6,7,8,9,10,0.5,0,10,20,30,40,50,60,70,80,90,5
0.08726646259971647,0.08726646259971647,113.402,0,0,0.08728397227209168,0.08726967484258184,0.118,0.205,100051.664,21.499,false,1.094,85.412,0.5,1,2,3,4,5,6,7,8,9,10,0.5,0,10,20,30,40,50,60,70,80,90,5
0.08726646259971647,0.08726646259971647,95.745,0,0,0.08728134465744343,0.08726856204829071,0.107,0.146,101701.448,20.993,true,-0.396,89.608,0.5,1,2,3,4,5,6,7,8,9,10,0.5,0,10,20,30,40,50,60,70,80,90,5
0.08726646259971647,0.08726646259971647,86.873,0,0,0.08727997687175995,0.0872682857270667,0.107,0.146,101701.448,20.993,false,-0.396,89.608,0.5,1,2,3,4,5,6,7,8,9,10,0.5,0,10,20,30,40,50,60,70,80,90,5
0.08726646259971647,0.08726646259971647,174.645,0,0,0.08729380399046564,0.0872684435152092,0.183,0.087,101172.548,19.25,true,0.234,78.721,0.5,1,2,3,4,5,6,7,8,9,10,0.5,0,10,20,30,40,50,60,70,80,90,5
0.08726646259971647,0.08726646259971647,157.62,0,0,0.08729114918936268,0.08726809816962669,0.183,0.087,101172.548,19.25,false,0.234,78.721,0.5,1,2,3,4,5,6,7,8,9,10,0.5,0,10,20,30,40,50,60,70,80,90,5
0.08726646259971647,0.08726646259971647,135.009,0,0,0.08728765282058436,0.08726625843477524,0.115,0.058,99405.158,20.496,true,-0.897,84.748,0.5,1,2,3,4,5,6,7,8,9,10,0.5,0,10,20,30,40,50,60,70,80,90,5
0.08726646259971647,0.08726646259971647,80.728,0,0,0.0872791122768246,0.08726720432692427,0.115,0.058,99405.158,20.496,false,-0.897,84.748,0.5,1,2,3,4,5,6,7,8,9,10,0.5,0,10,20,30,40,50,60,70,80,90,5
0.08726646259971647,0.08726646259971647,175.279,0,0,0.08723908561558345,0.08726373039453805,0.034,0.106,100469.527,19.62,true,0.113,83.609,0.5,1,2,3,4,5,6,7,8,9,10,0.5,0,10,20,30,40,50,60,70,80,90,5
0.08726646259971647,0.08726646259971647,4.083,0,0,0.08726710201190452,0.08726641961468969,0.034,0.106,100469.527,19.62,false,0.113,83.609,0.5,1,2,3,4,5,6,7,8,9,10,0.5,0,10,20,30,40,50,60,70,80,90,5
0.08726646259971647,0.08726646259971647,138.218,0,0,0.08728764430629542,0.08727117148798469,0.134,0.262,100223.523,18.608,true,0.149,76.571,0.5,1,2,3,4,5,6,7,8,9,10,0.5,0,10,20,30,40,50,60,70,80,90,5
0.08726646259971647,0.08726646259971647,100.633,0,0,0.08728169410037095,0.0872706617218452,0.134,0.262,100223.523,18.608,false,0.149,76.571,0.5,1,2,3,4,5,6,7,8,9,10,0.5,0,10,20,30,40,50,60,70,80,90,5
0.08726646259971647,0.08726646259971647,47.602,0,0,0.08727385960635717,0.0872675203883288,0.049,0.227,101452.642,20.657,true,0.715,74.731,0.5,1,2,3,4,5,6,7,8,9,10,0.5,0,10,20,30,40,50,60,70,80,90,5
0.08726646259971647,0.08726646259971647,50.526,0,0,0.08727425925597754,0.08726791947481177,0.049,0.227,101452.642,20.657,false,0.715,74.731,0.5,1,2,3,4,5,6,7,8,9,10,0.5,0,10,20,30,40,50,60,70,80,90,5
0.08726646259971647,0.08726646259971647,100.273,0,0,0.08728219140470059,0.08726703195981483,0.094,0.057,101878.226,18.842,true,-0.358,85.079,0.5,1,2,3,4,5,6,7,8,9,10,0.5,0,10,20,30,40,50,60,70,80,90,5
0.08726646259971647,0.08726646259971647,66.266,0,0,0.0872768463549062,0.08726706693669403,0.094,0.057,101878.226,18.842,false,-0.358,85.079,0.5,1,2,3,4,5,6,7,8,9,10,0.5,0,10,20,30,40,50,60,70,80,90,5
0.08726646259971647,0.08726646259971647,44.512,0,0,0.0872734407259501,0.08726680836094518,0.035,0.102,101183.584,21.68,true,-0.694,91.412,0.5,1,2,3,4,5,6,7,8,9,10,0.5,0,10,20,30,40,50,60,70,80,90,5
0.08726646259971647,0.08726646259971647,27.747,0,0,0.08726210951937599,0.0872663240180008,0.035,0.102,101183.584,21.68,false,-0.694,91.412,0.5,1,2,3,4,5,6,7,8,9,10,0.5,0,10,20,30,40,50,60,70,80,90,5
0.08726646259971647,0.08726646259971647,190.775,0,0,0.0872962630659726,0.08726940461018935,0.208,0.128,100837.362,22.408,true,0.513,74.479,0.5,1,2,3,4,5,6,7,8,9,10,0.5,0,10,20,30,40,50,60,70,80,90,5
0.08726646259971647,0.08726646259971647,175.503,0,0,0.08729380113888978,0.08726985960887419,0.208,0.128,100837.362,22.408,false,0.513,74.479,0.5,1,2,3,4,5,6,7,8,9,10,0.5,0,10,20,30,40,50,60,70,80,90,5
0.08726646259971647,0.08726646259971647,174.088,0,0,0.08723947944396622,0.08726213660799431,0.014,0.142,100151.047,18.04,true,0.116,82.251,0.5,1,2,3,4,5,6,7,8,9,10,0.5,0,10,20,30,40,50,60,70,80,90,5
0.08726646259971647,0.08726646259971647,59.174,0,0,0.08725717619797012,0.08726628581978586,0.014,0.142,100151.047,18.04,false,0.116,82.251,0.5,1,2,3,4,5,6,7,8,9,10,0.5,0,10,20,30,40,50,60,70,80,90,5
0.08726646259971647,0.08726646259971647,34.243,0,0,0.08727145933896575,0.08726447491830455,-0.027,-0.04,99441.371,17.721,true,0.108,84.378,0.5,1,2,3,4,5,6,7,8,9,10,0.5,0,10,20,30,40,50,60,70,80,90,5
0.08726646259971647,0.08726646259971647,25.23,0,0,0.08726250292958866,0.0872665255571935,-0.027,-0.04,99441.371,17.721,false,0.108,84.378,0.5,1,2,3,4,5,6,7,8,9,10,0.5,0,10,20,30,40,50,60,70,80,90,5
0.08726646259971647,0.08726646259971647,74.261,0,0,0.08727810993349375,0.08726691698878988,0.063,0.068,98725.399,20.941,true,-0.021,73.393,0.5,1,2,3,4,5,6,7,8,9,10,0.5,0,10,20,30,40,50,60,70,80,90,5
0.08726646259971647,0.08726646259971647,69.592,0,0,0.08727736787223694,0.08726709003684026,0.063,0.068,98725.399,20.941,false,-0.021,73.393,0.5,1,2,3,4,5,6,7,8,9,10,0.5,0,10,20,30,40,50,60,70,80,90,5
0.08726646259971647,0.08726646259971647,151.747,0,0,0.08729015046525523,0.08726896236142792,0.172,0.114,98772.795,17.579,true,0.746,79,0.5,1,2,3,4,5,6,7,8,9,10,0.5,0,10,20,30,40,50,60,70,80,90,5
0.08726646259971647,0.08726646259971647,171.06,0,0,0.08729317578714704,0.08726917848851591,0.172,0.114,98772.795,17.579,false,0.746,79,0.5,1,2,3,4,5,6,7,8,9,10,0.5,0,10,20,30,40,50,60,70,80,90,5
0.08726646259971647,0.08726646259971647,141.868,0,0,0.08728866871838101,0.08726812404181228,0.113,0.032,101487.377,19.666,true,0.028,83.321,0.5,1,2,3,4,5,6,7,8,9,10,0.5,0,10,20,30,40,50,60,70,80,90,5
0.08726646259971647,0.08726646259971647,108.811,0,0,0.08728353333141377,0.08726699818786711,0.113,0.032,101487.377,19.666,false,0.028,83.321,0.5,1,2,3,4,5,6,7,8,9,10,0.5,0,10,20,30,40,50,60,70,80,90,5
0.08726646259971647,0.08726646259971647,59.256,0,0,0.0872757418254438,0.08726710029886403,0.033,0.188,102409.177,19.67,true,-0.411,75.996,0.5,1,2,3,4,5,6,7,8,9,10,0.5,0,10,20,30,40,50,60,70,80,90,5
0.08726646259971647,0.08726646259971647,23.001,0,0,0.08727000027810952,0.08726718534674174,0.033,0.188,102409.177,19.67,false,-0.411,75.996,0.5,1,2,3,4,5,6,7,8,9,10,0.5,0,10,20,30,40,50,60,70,80,90,5
0.08726646259971647,0.08726646259971647,226.714,0,0,0.08730201186646341,0.08726806842345705,0.234,0.05,99947.65,22.166,true,0.029,80.184,0.5,1,2,3,4,5,6,7,8,9,10,0.5,0,10,20,30,40,50,60,70,80,90,5
0.08726646259971647,0.08726646259971647,217.588,0,0,0.08730059307428943,0.08726770297954423,0.234,0.05,99947.65,22.166,false,0.029,80.184,0.5,1,2,3,4,5,6,7,8,9,10,0.5,0,10,20,30,40,50,60,70,80,90,5
0.08726646259971647,0.08726646259971647,163.917,0,0,0.08729218802766242,0.08726605238219509,0.168,-0.029,102791.446,21.427,true,-0.748,75.628,0.5,1,2,3,4,5,6,7,8,9,10,0.5,0,10,20,30,40,50,60,70,80,90,5
0.08726646259971647,0.08726646259971647,132.695,0,0,0.08728728333846184,0.087265912871427,0.168,-0.029,102791.446,21.427,false,-0.748,75.628,0.5,1,2,3,4,5,6,7,8,9,10,0.5,0,10,20,30,40,50,60,70,80,90,5
0.08726646259971647,0.08726646259971647,192.89,0,0,0.08729647515626342,0.08726245957028275,0.228,-0.142,97644.29,19.457,true,0.13,73.345,0.5,1,2,3,4,5,6,7,8,9,10,0.5,0,10,20,30,40,50,60,70,80,90,5
0.08726646259971647,0.08726646259971647,215.262,0,0,0.08730000588340667,0.08726238994620499,0.228,-0.142,97644.29,19.457,false,0.13,73.345,0.5,1,2,3,4,5,6,7,8,9,10,0.5,0,10,20,30,40,50,60,70,80,90,5
0.08726646259971647,0.08726646259971647,137.607,0,0,0.0872879625360914,0.08726853565429078,0.146,0.117,97472.117,21.058,true,0.802,73.604,0.5,1,2,3,4,5,6,7,8,9,10,0.5,0,10,20,30,40,50,60,70,80,90,5
0.08726646259971647,0.08726646259971647,157.787,0,0,0.08729112761508732,0.08726871091713638,0.146,0.117,97472.117,21.058,false,0.802,73.604,0.5,1,2,3,4,5,6,7,8,9,10,0.5,0,10,20,30,40,50,60,70,80,90,5
0.08726646259971647,0.08726646259971647,124.797,0,0,0.08728604273155316,0.08726589342681353,0.112,-0.027,100211.096,22.693,true,0.269,73.352,0.5,1,2,3,4,5,6,7,8,9,10,0.5,0,10,20,30,40,50,60,70,80,90,5
0.08726646259971647,0.08726646259971647,93.804,0,0,0.087281178613653,0.08726598883772409,0.112,-0.027,100211.096,22.693,false,0.269,73.352,0.5,1,2,3,4,5,6,7,8,9,10,0.5,0,10,20,30,40,50,60,70,80,90,5
0.08726646259971647,0.08726646259971647,200.765,0,0,0.08723496316869374,0.0872673679308085,-0.004,0.085,101486.776,16.824,true,-0.809,83.968,0.5,1,2,3,4,5,6,7,8,9,10,0.5,0,10,20,30,40,50,60,70,80,90,5
0.08726646259971647,0.08726646259971647,87.581,0,0,0.08725274451229385,0.0872655712026384,-0.004,0.085,101486.776,16.824,false,-0.809,83.968,0.5,1,2,3,4,5,6,7,8,9,10,0.5,0,10,20,30,40,50,60,70,80,90,5
0.08726646259971647,0.08726646259971647,33.337,0,0,0.0872716795447126,0.08726605712855552,0.006,0.212,99069.229,17.522,true,0.148,83.891,0.5,1,2,3,4,5,6,7,8,9,10,0.5,0,10,20,30,40,50,60,70,80,90,5
0.08726646259971647,0.08726646259971647,11.613,0,0,0.08726828507588377,0.08726643245186572,0.006,0.212,99069.229,17.522,false,0.148,83.891,0.5,1,2,3,4,5,6,7,8,9,10,0.5,0,10,20,30,40,50,60,70,80,90,5
0.08726646259971647,0.08726646259971647,154.469,0,0,0.08729070800625059,0.08726656943212696,0.147,0.009,98939.857,18.423,true,0.509,82.182,0.5,1,2,3,4,5,6,7,8,9,10,0.5,0,10,20,30,40,50,60,70,80,90,5
0.08726646259971647,0.08726646259971647,155.673,0,0,0.08729088798645206,0.08726578907243741,0.147,0.009,98939.857,18.423,false,0.509,82.182,0.5,1,2,3,4,5,6,7,8,9,10,0.5,0,10,20,30,40,50,60,70,80,90,5
0.08726646259971647,0.08726646259971647,46.187,0,0,0.08727371185203589,0.08726652519716382,0.044,-0.006,106440.699,19.405,true,0.41,73.502,0.5,1,2,3,4,5,6,7,8,9,10,0.5,0,10,20,30,40,50,60,70,80,90,5
0.08726646259971647,0.08726646259971647,66.878,0,0,0.08727695844327163,0.08726663969584136,0.044,-0.006,106440.699,19.405,false,0.41,73.502,0.5,1,2,3,4,5,6,7,8,9,10,0.5,0,10,20,30,40,50,60,70,80,90,5
0.08726646259971647,0.08726646259971647,114.742,0,0,0.08728419169429012,0.0872696430635863,0.114,0.209,101897.267,16.971,true,-0.451,80.171,0.5,1,2,3,4,5,6,7,8,9,10,0.5,0,10,20,30,40,50,60,70,80,90,5
0.08726646259971647,0.08726646259971647,140.737,0,0,0.08728822105870712,0.08727029188126847,0.114,0.209,101897.267,16.971,false,-0.451,80.171,0.5,1,2,3,4,5,6,7,8,9,10,0.5,0,10,20,30,40,50,60,70,80,90,5
0.08726646259971647,0.08726646259971647,76.148,0,0,0.08727832286137364,0.08726794824185792,0.061,0.133,99691.856,20.916,true,0.347,82.85,0.5,1,2,3,4,5,6,7,8,9,10,0.5,0,10,20,30,40,50,60,70,80,90,5
0.08726646259971647,0.08726646259971647,67.418,0,0,0.0872770025272747,0.08726740894821898,0.061,0.133,99691.856,20.916,false,0.347,82.85,0.5,1,2,3,4,5,6,7,8,9,10,0.5,0,10,20,30,40,50,60,70,80,90,5
0.08726646259971647,0.08726646259971647,74.35,0,0,0.08727808244824567,0.08726537641200484,0.09,-0.08,99015.323,20.469,true,-0.973,85.287,0.5,1,2,3,4,5,6,7,8,9,10,0.5,0,10,20,30,40,50,60,70,80,90,5
0.08726646259971647,0.08726646259971647,82.554,0,0,0.08727939159284082,0.08726559655967064,0.09,-0.08,99015.323,20.469,false,-0.973,85.287,0.5,1,2,3,4,5,6,7,8,9,10,0.5,0,10,20,30,40,50,60,70,80,90,5
0.08726646259971647,0.08726646259971647,63.02,0,0,0.08727634453276478,0.08726690542788679,0.05,0.143,100367.715,16.807,true,-0.386,77.972,0.5,1,2,3,4,5,6,7,8,9,10,0.5,0,10,20,30,40,50,60,70,80,90,5
0.08726646259971647,0.08726646259971647,28.446,0,0,0.08727085354140776,0.08726727498009183,0.05,0.143,100367.715,16.807,false,-0.386,77.972,0.5,1,2,3,4,5,6,7,8,9,10,0.5,0,10,20,30,40,50,60,70,80,90,5
0.08726646259971647,0.08726646259971647,144.238,0,0,0.0872889694369569,0.08726892127520394,0.131,0.122,96651.047,20.382,true,0.206,83.57,0.5,1,2,3,4,5,6,7,8,9,10,0.5,0,10,20,30,40,50,60,70,80,90,5
0.08726646259971647,0.08726646259971647,98.754,0,0,0.08728182272640136,0.08726855225638805,0.131,0.122,96651.047,20.382,false,0.206,83.57,0.5,1,2,3,4,5,6,7,8,9,10,0.5,0,10,20,30,40,50,60,70,80,90,5
0.08726646259971647,0.08726646259971647,50.557,0,0,0.08727432864902955,0.087267514221349,0.062,0.138,98915.562,21.028,true,-0.041,79.361,0.5,1,2,3,4,5,6,7,8,9,10,0.5,0,10,20,30,40,50,60,70,80,90,5
0.08726646259971647,0.08726646259971647,48.025,0,0,0.08727392865299784,0.08726750633686663,0.062,0.138,98915.562,21.028,false,-0.041,79.361,0.5,1,2,3,4,5,6,7,8,9,10,0.5,0,10,20,30,40,50,60,70,80,90,5
0.08726646259971647,0.08726646259971647,123.903,0,0,0.08728591030267449,0.08726636384816146,0.091,0.118,99450.661,17.979,true,-0.354,82.743,0.5,1,2,3,4,5,6,7,8,9,10,0.5,0,10,20,30,40,50,60,70,80,90,5
0.08726646259971647,0.08726646259971647,44.559,0,0,0.08727333059008488,0.08726778969367929,0.091,0.118,99450.661,17.979,false,-0.354,82.743,0.5,1,2,3,4,5,6,7,8,9,10,0.5,0,10,20,30,40,50,60,70,80,90,5
0.08726646259971647,0.08726646259971647,61.821,0,0,0.08727612859033355,0.08726731741812614,0.02,0.165,99679.386,22.337,true,-0.393,84.7,0.5,1,2,3,4,5,6,7,8,9,10,0.5,0,10,20,30,40,50,60,70,80,90,5
0.08726646259971647,0.08726646259971647,39.327,0,0,0.08726029150411568,0.08726660717102404,0.02,0.165,99679.386,22.337,false,-0.393,84.7,0.5,1,2,3,4,5,6,7,8,9,10,0.5,0,10,20,30,40,50,60,70,80,90,5
0.08726646259971647,0.08726646259971647,134.547,0,0,0.08728750142056549,0.0872683040898773,0.108,0.074,100302.399,19.991,true,0.618,82.284,0.5,1,2,3,4,5,6,7,8,9,10,0.5,0,10,20,30,40,50,60,70,80,90,5
0.08726646259971647,0.08726646259971647,76.36,0,0,0.08727841333454732,0.08726737823457589,0.108,0.074,100302.399,19.991,false,0.618,82.284,0.5,1,2,3,4,5,6,7,8,9,10,0.5,0,10,20,30,40,50,60,70,80,90,5
0.08726646259971647,0.08726646259971647,107.777,0,0,0.0872833784756688,0.0872662827336067,0.119,-0.003,102724.45,17.806,true,-1.629,83.159,0.5,1,2,3,4,5,6,7,8,9,10,0.5,0,10,20,30,40,50,60,70,80,90,5
0.08726646259971647,0.08726646259971647,29.875,0,0,0.08727114020182229,0.08726679417838697,0.119,-0.003,102724.45,17.806,false,-1.629,83.159,0.5,1,2,3,4,5,6,7,8,9,10,0.5,0,10,20,30,40,50,60,70,80,90,5
0.08726646259971647,0.08726646259971647,115.815,0,0,0.08728325173088482,0.08727345929704637,0.113,0.418,100251.551,20.945,true,0.271,83.54,0.5,1,2,3,4,5,6,7,8,9,10,0.5,0,10,20,30,40,50,60,70,80,90,5
0.08726646259971647,0.08726646259971647,32.481,0,0,0.08726940654398546,0.08727064084339795,0.113,0.418,100251.551,20.945,false,0.271,83.54,0.5,1,2,3,4,5,6,7,8,9,10,0.5,0,10,20,30,40,50,60,70,80,90,5
0.08726646259971647,0.08726646259971647,133.408,0,0,0.08728739829622177,0.08726687935157307,0.146,0.023,100264.556,21.547,true,0.329,82.976,0.5,1,2,3,4,5,6,7,8,9,10,0.5,0,10,20,30,40,50,60,70,80,90,5
0.08726646259971647,0.08726646259971647,87.356,0,0,0.08728017404404288,0.08726646269273139,0.146,0.023,100264.556,21.547,false,0.329,82.976,0.5,1,2,3,4,5,6,7,8,9,10,0.5,0,10,20,30,40,50,60,70,80,90,5
0.08726646259971647,0.08726646259971647,103.221,0,0,0.08728264890660734,0.08726716967437635,0.116,0.048,98544.41,21.83,true,-0.485,81.465,0.5,1,2,3,4,5,6,7,8,9,10,0.5,0,10,20,30,40,50,60,70,80,90,5
0.08726646259971647,0.08726646259971647,48.546,0,0,0.087274069758737,0.08726690477838543,0.116,0.048,98544.41,21.83,false,-0.485,81.465,0.5,1,2,3,4,5,6,7,8,9,10,0.5,0,10,20,30,40,50,60,70,80,90,5
0.08726646259971647,0.08726646259971647,133.669,0,0,0.08726184063067849,0.08724591898552601,-0.095,0.062,99816.435,20.08,true,-0.188,79.424,0.5,1,2,3,4,5,6,7,8,9,10,0.5,0,10,20,30,40,50,60,70,80,90,5
0.08726646259971647,0.08726646259971647,120.128,0,0,0.08724761695295088,0.08726585042821546,-0.095,0.062,99816.435,20.08,false,-0.188,79.424,0.5,1,2,3,4,5,6,7,8,9,10,0.5,0,10,20,30,40,50,60,70,80,90,5
0.08726646259971647,0.08726646259971647,100.555,0,0,0.08728204904252737,0.08726895718348021,0.115,0.177,98307.698,20.162,true,0.516,76.952,0.5,1,2,3,4,5,6,7,8,9,10,0.5,0,10,20,30,40,50,60,70,80,90,5
0.08726646259971647,0.08726646259971647,71.478,0,0,0.08727747469730843,0.08726861681443158,0.115,0.177,98307.698,20.162,false,0.516,76.952,0.5,1,2,3,4,5,6,7,8,9,10,0.5,0,10,20,30,40,50,60,70,80,90,5
0.08726646259971647,0.08726646259971647,76.113,0,0,0.08727840829044112,0.08726630267118518,0.062,0.026,101142.119,22.126,true,1.055,84.614,0.5,1,2,3,4,5,6,7,8,9,10,0.5,0,10,20,30,40,50,60,70,80,90,5
0.08726646259971647,0.08726646259971647,17.177,0,0,0.08726915537186512,0.08726632910931598,0.062,0.026,101142.119,22.126,false,1.055,84.614,0.5,1,2,3,4,5,6,7,8,9,10,0.5,0,10,20,30,40,50,60,70,80,90,5
0.08726646259971647,0.08726646259971647,46.524,0,0,0.08727373707521417,0.08726710457503861,0.038,0.146,100699.859,20.434,true,0.678,81.994,0.5,1,2,3,4,5,6,7,8,9,10,0.5,0,10,20,30,40,50,60,70,80,90,5
0.08726646259971647,0.08726646259971647,16.09,0,0,0.08726889346883636,0.08726715035177299,0.038,0.146,100699.859,20.434,false,0.678,81.994,0.5,1,2,3,4,5,6,7,8,9,10,0.5,0,10,20,30,40,50,60,70,80,90,5
0.08726646259971647,0.08726646259971647,210.975,0,0,0.08729922715452679,0.08727128558970301,0.233,0.153,99772.073,19.512,true,-0.148,83.15,0.5,1,2,3,4,5,6,7,8,9,10,0.5,0,10,20,30,40,50,60,70,80,90,5
0.08726646259971647,0.08726646259971647,212.345,0,0,0.0872994403586781,0.08727131363217205,0.233,0.153,99772.073,19.512,false,-0.148,83.15,0.5,1,2,3,4,5,6,7,8,9,10,0.5,0,10,20,30,40,50,60,70,80,90,5
0.08726646259971647,0.08726646259971647,44.391,0,0,0.08727321456620077,0.08726818915087525,0.031,0.385,100728.464,19.614,true,-0.297,81.962,0.5,1,2,3,4,5,6,7,8,9,10,0.5,0,10,20,30,40,50,60,70,80,90,5
0.08726646259971647,0.08726646259971647,31.214,0,0,0.08726158738910306,0.08726597400920585,0.031,0.385,100728.464,19.614,false,-0.297,81.962,0.5,1,2,3,4,5,6,7,8,9,10,0.5,0,10,20,30,40,50,60,70,80,90,5
0.08726646259971647,0.08726646259971647,91.329,0,0,0.08728079443751788,0.08726615209653238,0.09,-0.006,100206.507,22.093,true,0.035,77.917,0.5,1,2,3,4,5,6,7,8,9,10,0.5,0,10,20,30,40,50,60,70,80,90,5
0.08726646259971647,0.08726646259971647,96.773,0,0,0.08728164638525822,0.08726603838400364,0.09,-0.006,100206.507,22.093,false,0.035,77.917,0.5,1,2,3,4,5,6,7,8,9,10,0.5,0,10,20,30,40,50,60,70,80,90,5
0.08726646259971647,0.08726646259971647,83.593,0,0,0.08727957423217905,0.08726695767208904,0.069,0.055,101678.446,20.979,true,0.503,76.238,0.5,1,2,3,4,5,6,7,8,9,10,0.5,0,10,20,30,40,50,60,70,80,90,5
0.08726646259971647,0.08726646259971647,77.854,0,0,0.08727868260430194,0.08726646410785376,0.069,0.055,101678.446,20.979,false,0.503,76.238,0.5,1,2,3,4,5,6,7,8,9,10,0.5,0,10,20,30,40,50,60,70,80,90,5
0.08726646259971647,0.08726646259971647,61.799,0,0,0.0872761363973699,0.0872671785549308,0.065,0.072,100474.856,18.135,true,0.059,80.426,0.5,1,2,3,4,5,6,7,8,9,10,0.5,0,10,20,30,40,50,60,70,80,90,5
0.08726646259971647,0.08726646259971647,68.177,0,0,0.08727714233327195,0.0872671416027883,0.065,0.072,100474.856,18.135,false,0.059,80.426,0.5,1,2,3,4,5,6,7,8,9,10,0.5,0,10,20,30,40,50,60,70,80,90,5
0.08726646259971647,0.08726646259971647,73.284,0,0,0.08727796394673983,0.08726664475440357,0.055,0.002,99177.615,22.956,true,-0.355,83.674,0.5,1,2,3,4,5,6,7,8,9,10,0.5,0,10,20,30,40,50,60,70,80,90,5
0.08726646259971647,0.08726646259971647,34.736,0,0,0.08727191405668928,0.08726637516208276,0.055,0.002,99177.615,22.956,false,-0.355,83.674,0.5,1,2,3,4,5,6,7,8,9,10,0.5,0,10,20,30,40,50,60,70,80,90,5
0.08726646259971647,0.08726646259971647,87.997,0,0,0.0872802650897403,0.08726697810799793,0.054,0.019,98337.649,17.129,true,0.054,81.457,0.5,1,2,3,4,5,6,7,8,9,10,0.5,0,10,20,30,40,50,60,70,80,90,5
0.08726646259971647,0.08726646259971647,35.374,0,0,0.08727201411616699,0.08726655820449197,0.054,0.019,98337.649,17.129,false,0.054,81.457,0.5,1,2,3,4,5,6,7,8,9,10,0.5,0,10,20,30,40,50,60,70,80,90,5
0.08726646259971647,0.08726646259971647,109.173,0,0,0.08728346076468331,0.0872642860716639,-0.025,0.123,97845.134,15.407,true,0.197,75.517,0.5,1,2,3,4,5,6,7,8,9,10,0.5,0,10,20,30,40,50,60,70,80,90,5
0.08726646259971647,0.08726646259971647,58.212,0,0,0.08725744052255706,0.08726791324641381,-0.025,0.123,97845.134,15.407,false,0.197,75.517,0.5,1,2,3,4,5,6,7,8,9,10,0.5,0,10,20,30,40,50,60,70,80,90,5
0.08726646259971647,0.08726646259971647,181.757,0,0,0.08723799922366901,0.08726452396675861,-0.021,0.018,97611.645,22.749,true,-0.615,75.063,0.5,1,2,3,4,5,6,7,8,9,10,0.5,0,10,20,30,40,50,60,70,80,90,5
0.08726646259971647,0.08726646259971647,3.22,0,0,0.08726610045969452,0.08726610863745471,-0.021,0.018,97611.645,22.749,false,-0.615,75.063,0.5,1,2,3,4,5,6,7,8,9,10,0.5,0,10,20,30,40,50,60,70,80,90,5
0.08726646259971647,0.08726646259971647,149.991,0,0,0.08728959709725854,0.08727084485109486,0.18,0.188,99640.623,19.495,true,-0.232,78.558,0.5,1,2,3,4,5,6,7,8,9,10,0.5,0,10,20,30,40,50,60,70,80,90,5
0.08726646259971647,0.08726646259971647,125.749,0,0,0.08728580472971538,0.08727040914618794,0.18,0.188,99640.623,19.495,false,-0.232,78.558,0.5,1,2,3,4,5,6,7,8,9,10,0.5,0,10,20,30,40,50,60,70,80,90,5
0.08726646259971647,0.08726646259971647,101.986,0,0,0.08728245290159915,0.08726721616418935,0.089,0.072,100030.521,22.977,true,-0.884,84.81,0.5,1,2,3,4,5,6,7,8,9,10,0.5,0,10,20,30,40,50,60,70,80,90,5
0.08726646259971647,0.08726646259971647,25.173,0,0,0.08727040804437851,0.08726667694793108,0.089,0.072,100030.521,22.977,false,-0.884,84.81,0.5,1,2,3,4,5,6,7,8,9,10,0.5,0,10,20,30,40,50,60,70,80,90,5
0.08726646259971647,0.08726646259971647,172.766,0,0,0.08724467755455614,0.08725025252383506,-0.07,-0.009,98930.223,18.727,true,-0.535,73.988,0.5,1,2,3,4,5,6,7,8,9,10,0.5,0,10,20,30,40,50,60,70,80,90,5
0.08726646259971647,0.08726646259971647,89.681,0,0,0.08725240057738226,0.0872658241540861,-0.07,-0.009,98930.223,18.727,false,-0.535,73.988,0.5,1,2,3,4,5,6,7,8,9,10,0.5,0,10,20,30,40,50,60,70,80,90,5
0.08726646259971647,0.08726646259971647,107.339,0,0,0.08728319286541174,0.08726845882274978,0.097,0.166,98572.085,19.791,true,0.234,79.466,0.5,1,2,3,4,5,6,7,8,9,10,0.5,0,10,20,30,40,50,60,70,80,90,5
0.08726646259971647,0.08726646259971647,16.36,0,0,0.08726883434571604,0.0872674507321034,0.097,0.166,98572.085,19.791,false,0.234,79.466,0.5,1,2,3,4,5,6,7,8,9,10,0.5,0,10,20,30,40,50,60,70,80,90,5
0.08726646259971647,0.08726646259971647,133.566,0,0,0.08728735890170258,0.08726816159135696,0.123,0.066,101622.723,22.532,true,0.445,78.993,0.5,1,2,3,4,5,6,7,8,9,10,0.5,0,10,20,30,40,50,60,70,80,90,5
0.08726646259971647,0.08726646259971647,67.405,0,0,0.0872770141399226,0.08726724073352865,0.123,0.066,101622.723,22.532,false,0.445,78.993,0.5,1,2,3,4,5,6,7,8,9,10,0.5,0,10,20,30,40,50,60,70,80,90,5
0.08726646259971647,0.08726646259971647,86.23,0,0,0.08727999155728333,0.08726686204472438,0.051,0.044,97348.26,19.533,true,0.145,77.061,0.5,1,2,3,4,5,6,7,8,9,10,0.5,0,10,20,30,40,50,60,70,80,90,5
0.08726646259971647,0.08726646259971647,12.46,0,0,0.08726841327483376,0.08726660361371648,0.051,0.044,97348.26,19.533,false,0.145,77.061,0.5,1,2,3,4,5,6,7,8,9,10,0.5,0,10,20,30,40,50,60,70,80,90,5
0.08726646259971647,0.08726646259971647,93.186,0,0,0.08728107966087359,0.08726699318513834,0.048,0.166,101439.112,20.951,true,-0.63,80.781,0.5,1,2,3,4,5,6,7,8,9,10,0.5,0,10,20,30,40,50,60,70,80,90,5
0.08726646259971647,0.08726646259971647,6.46,0,0,0.08726553698309455,0.08726687822538207,0.048,0.166,101439.112,20.951,false,-0.63,80.781,0.5,1,2,3,4,5,6,7,8,9,10,0.5,0,10,20,30,40,50,60,70,80,90,5
0.08726646259971647,0.08726646259971647,51.21,0,0,0.08727450055681071,0.08726649280352126,0.03,0.016,99944.363,22.783,true,0.515,84.994,0.5,1,2,3,4,5,6,7,8,9,10,0.5,0,10,20,30,40,50,60,70,80,90,5
0.08726646259971647,0.08726646259971647,10.921,0,0,0.08726479734577083,0.08726605477099132,0.03,0.016,99944.363,22.783,false,0.515,84.994,0.5,1,2,3,4,5,6,7,8,9,10,0.5,0,10,20,30,40,50,60,70,80,90,5
0.08726646259971647,0.08726646259971647,166.618,0,0,0.08729261503488443,0.08726636851661086,0.132,0.006,99573.867,19.418,true,-0.089,75.926,0.5,1,2,3,4,5,6,7,8,9,10,0.5,0,10,20,30,40,50,60,70,80,90,5
0.08726646259971647,0.08726646259971647,66.991,0,0,0.08727697752438243,0.08726640981475793,0.132,0.006,99573.867,19.418,false,-0.089,75.926,0.5,1,2,3,4,5,6,7,8,9,10,0.5,0,10,20,30,40,50,60,70,80,90,5
0.08726646259971647,0.08726646259971647,161.726,0,0,0.08724136765292198,0.08726262309628743,-0.026,0.037,103204.308,17.891,true,-0.203,72.573,0.5,1,2,3,4,5,6,7,8,9,10,0.5,0,10,20,30,40,50,60,70,80,90,5
0.08726646259971647,0.08726646259971647,42.422,0,0,0.08725980457377111,0.08726654823987977,-0.026,0.037,103204.308,17.891,false,-0.203,72.573,0.5,1,2,3,4,5,6,7,8,9,10,0.5,0,10,20,30,40,50,60,70,80,90,5
0.08726646259971647,0.08726646259971647,91.65,0,0,0.08728082739729605,0.08726568791240082,0.079,-0.015,101288.472,20.891,true,-0.065,88.515,0.5,1,2,3,4,5,6,7,8,9,10,0.5,0,10,20,30,40,50,60,70,80,90,5
0.08726646259971647,0.08726646259971647,3.35,0,0,0.08726598588258576,0.08726623990719115,0.079,-0.015,101288.472,20.891,false,-0.065,88.515,0.5,1,2,3,4,5,6,7,8,9,10,0.5,0,10,20,30,40,50,60,70,80,90,5
0.08726646259971647,0.08726646259971647,129.893,0,0,0.08728666756528519,0.08726919964003634,0.147,0.147,101460.398,20.499,true,-0.255,80.833,0.5,1,2,3,4,5,6,7,8,9,10,0.5,0,10,20,30,40,50,60,70,80,90,5
0.08726646259971647,0.08726646259971647,50.129,0,0,0.08727399711660072,0.08726873872587344,0.147,0.147,101460.398,20.499,false,-0.255,80.833,0.5,1,2,3,4,5,6,7,8,9,10,0.5,0,10,20,30,40,50,60,70,80,90,5
0.08726646259971647,0.08726646259971647,89.77,0,0,0.08728033220574692,0.08726895654622124,0.056,0.143,99349.054,18.179,true,0.519,77.032,0.5,1,2,3,4,5,6,7,8,9,10,0.5,0,10,20,30,40,50,60,70,80,90,5
0.08726646259971647,0.08726646259971647,25.663,0,0,0.08727046380095639,0.08726692962987716,0.056,0.143,99349.054,18.179,false,0.519,77.032,0.5,1,2,3,4,5,6,7,8,9,10,0.5,0,10,20,30,40,50,60,70,80,90,5
0.08726646259971647,0.08726646259971647,184.018,0,0,0.08723759653203574,0.08726545184259844,0.01,0.069,101051.876,16.103,true,0.708,84.926,0.5,1,2,3,4,5,6,7,8,9,10,0.5,0,10,20,30,40,50,60,70,80,90,5
0.08726646259971647,0.08726646259971647,67.244,0,0,0.08725599139636642,0.08726513316835821,0.01,0.069,101051.876,16.103,false,0.708,84.926,0.5,1,2,3,4,5,6,7,8,9,10,0.5,0,10,20,30,40,50,60,70,80,90,5
0.08726646259971647,0.08726646259971647,79.404,0,0,0.08727836805476837,0.08727016370554823,0.088,0.303,100125.333,23.673,true,0.816,84.284,0.5,1,2,3,4,5,6,7,8,9,10,0.5,0,10,20,30,40,50,60,70,80,90,5
0.08726646259971647,0.08726646259971647,90.395,0,0,0.0872802457842717,0.08726984261601263,0.088,0.303,100125.333,23.673,false,0.816,84.284,0.5,1,2,3,4,5,6,7,8,9,10,0.5,0,10,20,30,40,50,60,70,80,90,5
0.08726646259971647,0.08726646259971647,112.188,0,0,0.0872840421507566,0.08726748698032895,0.077,0.087,98425.952,17.753,true,-0.679,70.626,0.5,1,2,3,4,5,6,7,8,9,10,0.5,0,10,20,30,40,50,60,70,80,90,5
0.08726646259971647,0.08726646259971647,65.509,0,0,0.08727672367470267,0.08726712592964309,0.077,0.087,98425.952,17.753,false,-0.679,70.626,0.5,1,2,3,4,5,6,7,8,9,10,0.5,0,10,20,30,40,50,60,70,80,90,5
0.08726646259971647,0.08726646259971647,155.617,0,0,0.08729077350696669,0.08726883815835673,0.176,0.101,100817.045,19.171,true,1.163,82.339,0.5,1,2,3,4,5,6,7,8,9,10,0.5,0,10,20,30,40,50,60,70,80,90,5
0.08726646259971647,0.08726646259971647,156.939,0,0,0.08729096893246105,0.08726896993894645,0.176,0.101,100817.045,19.171,false,1.163,82.339,0.5,1,2,3,4,5,6,7,8,9,10,0.5,0,10,20,30,40,50,60,70,80,90,5
0.08726646259971647,0.08726646259971647,116.317,0,0,0.08728464863009301,0.087268080471081,-0.068,0.079,99191.453,16.157,true,0.28,75.321,0.5,1,2,3,4,5,6,7,8,9,10,0.5,0,10,20,30,40,50,60,70,80,90,5
0.08726646259971647,0.08726646259971647,22.01,0,0,0.08726367787225305,0.08726851507629886,-0.068,0.079,99191.453,16.157,false,0.28,75.321,0.5,1,2,3,4,5,6,7,8,9,10,0.5,0,10,20,30,40,50,60,70,80,90,5
0.08726646259971647,0.08726646259971647,172.991,0,0,0.08729361537849108,0.0872665521268625,0.189,0.01,98675.516,16.227,true,0.108,73.422,0.5,1,2,3,4,5,6,7,8,9,10,0.5,0,10,20,30,40,50,60,70,80,90,5
0.08726646259971647,0.08726646259971647,163.324,0,0,0.08729209771114814,0.08726660508637452,0.189,0.01,98675.516,16.227,false,0.108,73.422,0.5,1,2,3,4,5,6,7,8,9,10,0.5,0,10,20,30,40,50,60,70,80,90,5
